{"cameraMode":{"drawMode":0,"name":"Shaded","section":"Shading Mode"},"sceneLighting":false,"audioPlay":false,"sceneViewState":{"showFog":false,"showMaterialUpdate":false,"showSkybox":false,"showFlares":false,"showImageEffects":false,"showParticleSystems":false},"in2DMode":false,"pivot":{"x":-0.2366943359375,"y":1.5350341796875,"z":-0.17236328125},"rotation":{"x":0.1649760603904724,"y":0.3440071940422058,"z":-0.061532873660326007,"w":0.9223148822784424},"size":1.625683069229126,"orthographic":true}