{"cameraMode":{"drawMode":0,"name":"Shaded","section":"Shading Mode"},"sceneLighting":false,"audioPlay":false,"sceneViewState":{"showFog":true,"showMaterialUpdate":true,"showSkybox":false,"showFlares":true,"showImageEffects":true,"showParticleSystems":true},"in2DMode":false,"pivot":{"x":-0.4071044921875,"y":0.833984375,"z":-1.64599609375},"rotation":{"x":0.19076618552207948,"y":0.024433035403490068,"z":-0.0047786664217710499,"w":0.9813370704650879},"size":3.154751777648926,"orthographic":true}