{"cameraMode":{"drawMode":0,"name":"Shaded","section":"Shading Mode"},"sceneLighting":true,"audioPlay":false,"sceneViewState":{"showFog":true,"showMaterialUpdate":true,"showSkybox":true,"showFlares":true,"showImageEffects":true,"showParticleSystems":true},"in2DMode":false,"pivot":{"x":-0.2997572422027588,"y":0.28611135482788088,"z":6.590366363525391},"rotation":{"x":0.04528164863586426,"y":0.02396826446056366,"z":-0.0010872111888602377,"w":0.9986936450004578},"size":19.410829544067384,"orthographic":false}