{"cameraMode":{"drawMode":0,"name":"Shaded","section":"Shading Mode"},"sceneLighting":false,"audioPlay":false,"sceneViewState":{"showFog":true,"showMaterialUpdate":true,"showSkybox":false,"showFlares":true,"showImageEffects":true,"showParticleSystems":true},"in2DMode":false,"pivot":{"x":0.07703018188476563,"y":-8.013814926147461,"z":-3.3478217124938967},"rotation":{"x":0.07329513132572174,"y":-0.06129596382379532,"z":0.004513443913310766,"w":0.9954167604446411},"size":15.210662841796875,"orthographic":true}