{"cameraMode":{"drawMode":0,"name":"Shaded","section":"Shading Mode"},"sceneLighting":false,"audioPlay":false,"sceneViewState":{"showFog":true,"showMaterialUpdate":true,"showSkybox":false,"showFlares":true,"showImageEffects":true,"showParticleSystems":true},"in2DMode":false,"pivot":{"x":0.7549644708633423,"y":0.8105697631835938,"z":1.633256435394287},"rotation":{"x":-0.23284076154232026,"y":-0.265561044216156,"z":0.0662417933344841,"w":-0.9332444667816162},"size":2.1228787899017336,"orthographic":false}