{"cameraMode":{"drawMode":0,"name":"Shaded","section":"Shading Mode"},"sceneLighting":false,"audioPlay":false,"sceneViewState":{"showFog":false,"showMaterialUpdate":false,"showSkybox":false,"showFlares":false,"showImageEffects":false,"showParticleSystems":false},"in2DMode":false,"pivot":{"x":-0.02532958984375,"y":1.7041015625,"z":-0.296142578125},"rotation":{"x":0.1518319994211197,"y":-0.4295327961444855,"z":0.07351019233465195,"w":0.8871645331382752},"size":1.0743002891540528,"orthographic":true}