{"cameraMode":{"drawMode":0,"name":"Shaded","section":"Shading Mode"},"sceneLighting":false,"audioPlay":false,"sceneViewState":{"showFog":false,"showMaterialUpdate":false,"showSkybox":false,"showFlares":false,"showImageEffects":false,"showParticleSystems":false},"in2DMode":false,"pivot":{"x":0.538330078125,"y":1.3326416015625,"z":-0.32421875},"rotation":{"x":-0.07572471350431442,"y":0.13478249311447144,"z":-0.010330264456570149,"w":-0.9879331588745117},"size":1.3652527332305909,"orthographic":true}