{"cameraMode":{"drawMode":0,"name":"Shaded","section":"Shading Mode"},"sceneLighting":false,"audioPlay":false,"sceneViewState":{"showFog":false,"showMaterialUpdate":false,"showSkybox":false,"showFlares":false,"showImageEffects":false,"showParticleSystems":false},"in2DMode":false,"pivot":{"x":-0.46832275390625,"y":1.55059814453125,"z":-0.923583984375},"rotation":{"x":0.18464075028896333,"y":0.21763506531715394,"z":-0.04196814447641373,"w":0.957490086555481},"size":0.930558979511261,"orthographic":true}