{"cameraMode":{"drawMode":0,"name":"Shaded","section":"Shading Mode"},"sceneLighting":false,"audioPlay":false,"sceneViewState":{"showFog":false,"showMaterialUpdate":false,"showSkybox":false,"showFlares":false,"showImageEffects":false,"showParticleSystems":false},"in2DMode":false,"pivot":{"x":-0.010851898230612278,"y":0.12359238415956497,"z":-0.010009765625},"rotation":{"x":0.3639318645000458,"y":-0.06697820127010346,"z":0.026250222697854043,"w":0.9286460280418396},"size":0.14229699969291688,"orthographic":true}