{"cameraMode":{"drawMode":0,"name":"Shaded","section":"Shading Mode"},"sceneLighting":false,"audioPlay":false,"sceneViewState":{"showFog":false,"showMaterialUpdate":false,"showSkybox":false,"showFlares":false,"showImageEffects":false,"showParticleSystems":false},"in2DMode":false,"pivot":{"x":-0.53662109375,"y":1.559326171875,"z":-0.20941162109375},"rotation":{"x":0.171112060546875,"y":0.6198005676269531,"z":-0.1408790796995163,"w":0.7528120279312134},"size":2.384345054626465,"orthographic":true}