{"cameraMode":{"drawMode":0,"name":"Shaded","section":"Shading Mode"},"sceneLighting":false,"audioPlay":false,"sceneViewState":{"showFog":true,"showMaterialUpdate":true,"showSkybox":false,"showFlares":true,"showImageEffects":true,"showParticleSystems":true},"in2DMode":false,"pivot":{"x":0.0022104978561401369,"y":-0.09013119339942932,"z":0.41709786653518679},"rotation":{"x":0.009473840706050396,"y":0.7123263478279114,"z":-0.009616893716156483,"w":0.7017207741737366},"size":1.2146074771881104,"orthographic":false}