{"cameraMode":{"drawMode":0,"name":"Shaded","section":"Shading Mode"},"sceneLighting":false,"audioPlay":false,"sceneViewState":{"showFog":true,"showMaterialUpdate":true,"showSkybox":false,"showFlares":true,"showImageEffects":true,"showParticleSystems":true},"in2DMode":false,"pivot":{"x":0.12890625,"y":8.086792945861817,"z":1.9521269798278809},"rotation":{"x":-0.12261214852333069,"y":-0.03542621433734894,"z":0.0043796151876449589,"w":-0.9918141961097717},"size":11.93117618560791,"orthographic":true}