{"cameraMode":{"drawMode":0,"name":"Shaded","section":"Shading Mode"},"sceneLighting":false,"audioPlay":false,"sceneViewState":{"showFog":true,"showMaterialUpdate":true,"showSkybox":false,"showFlares":true,"showImageEffects":true,"showParticleSystems":true},"in2DMode":false,"pivot":{"x":0.294189453125,"y":13.395034790039063,"z":1.228515625},"rotation":{"x":0.04656168818473816,"y":0.24120959639549256,"z":-0.011586813256144524,"w":0.9692874550819397},"size":1.1722264289855958,"orthographic":true}