{"cameraMode":{"drawMode":0,"name":"Shaded","section":"Shading Mode"},"sceneLighting":false,"audioPlay":false,"sceneViewState":{"showFog":true,"showMaterialUpdate":true,"showSkybox":false,"showFlares":true,"showImageEffects":true,"showParticleSystems":true},"in2DMode":false,"pivot":{"x":1.359523057937622,"y":1.5137076377868653,"z":0.7896407842636108},"rotation":{"x":0.017302189022302629,"y":0.48677146434783938,"z":-0.009644628502428532,"w":0.8733137249946594},"size":1.8549504280090333,"orthographic":false}