{"cameraMode":{"drawMode":0,"name":"Shaded","section":"Shading Mode"},"sceneLighting":false,"audioPlay":false,"sceneViewState":{"showFog":true,"showMaterialUpdate":true,"showSkybox":false,"showFlares":true,"showImageEffects":true,"showParticleSystems":true},"in2DMode":false,"pivot":{"x":-0.2420654296875,"y":0.3110504150390625,"z":0.1412353515625},"rotation":{"x":0.018017716705799104,"y":0.9352235794067383,"z":-0.04798375442624092,"w":0.3503871262073517},"size":0.4792211651802063,"orthographic":true}