{"cameraMode":{"drawMode":0,"name":"Shaded","section":"Shading Mode"},"sceneLighting":false,"audioPlay":false,"sceneViewState":{"showFog":true,"showMaterialUpdate":true,"showSkybox":false,"showFlares":true,"showImageEffects":true,"showParticleSystems":true},"in2DMode":false,"pivot":{"x":1.0767146348953248,"y":-1.1250473260879517,"z":0.6748946905136108},"rotation":{"x":0.2613511085510254,"y":0.6451452374458313,"z":-0.250600129365921,"w":0.6728256344795227},"size":1.8303704261779786,"orthographic":false}