{"cameraMode":{"drawMode":0,"name":"Shaded","section":"Shading Mode"},"sceneLighting":false,"audioPlay":false,"sceneViewState":{"showFog":true,"showMaterialUpdate":true,"showSkybox":false,"showFlares":true,"showImageEffects":true,"showParticleSystems":true},"in2DMode":false,"pivot":{"x":-0.23138153553009034,"y":0.9404242038726807,"z":-0.7794598937034607},"rotation":{"x":-0.026530759409070016,"y":0.9595516920089722,"z":-0.09676046669483185,"w":-0.26308801770210268},"size":1.7858986854553223,"orthographic":false}