{"cameraMode":{"drawMode":0,"name":"Shaded","section":"Shading Mode"},"sceneLighting":false,"audioPlay":false,"sceneViewState":{"showFog":true,"showMaterialUpdate":true,"showSkybox":false,"showFlares":true,"showImageEffects":true,"showParticleSystems":true},"in2DMode":false,"pivot":{"x":3.012636184692383,"y":-5.712135314941406,"z":2.16015625},"rotation":{"x":0.2549840807914734,"y":0.26608601212501528,"z":-0.07321195304393769,"w":0.9267300367355347},"size":22.634716033935548,"orthographic":false}