{"cameraMode":{"drawMode":0,"name":"Shaded","section":"Shading Mode"},"sceneLighting":false,"audioPlay":false,"sceneViewState":{"showFog":true,"showMaterialUpdate":true,"showSkybox":false,"showFlares":true,"showImageEffects":true,"showParticleSystems":true},"in2DMode":false,"pivot":{"x":0.023871570825576783,"y":1.790895700454712,"z":-0.007056236267089844},"rotation":{"x":-0.009651941247284413,"y":-0.9463918209075928,"z":0.028400279581546785,"w":-0.3216289281845093},"size":2.078563928604126,"orthographic":true}