{"cameraMode":{"drawMode":0,"name":"Shaded","section":"Shading Mode"},"sceneLighting":true,"audioPlay":false,"sceneViewState":{"showFog":true,"showMaterialUpdate":true,"showSkybox":true,"showFlares":true,"showImageEffects":true,"showParticleSystems":true},"in2DMode":false,"pivot":{"x":0.15968193113803864,"y":-0.8251618146896362,"z":-3.803328037261963},"rotation":{"x":-0.00044098589569330215,"y":0.9777235388755798,"z":-0.20992769300937653,"w":-0.0020554678048938514},"size":5.127553939819336,"orthographic":false}