{"cameraMode":{"drawMode":0,"name":"Shaded","section":"Shading Mode"},"sceneLighting":false,"audioPlay":false,"sceneViewState":{"showFog":true,"showMaterialUpdate":true,"showSkybox":false,"showFlares":true,"showImageEffects":true,"showParticleSystems":true},"in2DMode":false,"pivot":{"x":-0.010523676872253418,"y":1.2266441583633423,"z":-0.024076402187347413},"rotation":{"x":0.009521417319774628,"y":0.987372100353241,"z":-0.06526162475347519,"w":0.14407828450202943},"size":2.329965353012085,"orthographic":true}