{"cameraMode":{"drawMode":0,"name":"Shaded","section":"Shading Mode"},"sceneLighting":true,"audioPlay":false,"sceneViewState":{"showFog":true,"showMaterialUpdate":true,"showSkybox":true,"showFlares":true,"showImageEffects":true,"showParticleSystems":true},"in2DMode":false,"pivot":{"x":4.1682868003845219,"y":-0.5542359352111816,"z":12.00729751586914},"rotation":{"x":0.1992345005273819,"y":-0.06315793842077255,"z":0.01286859717220068,"w":0.9778317809104919},"size":14.705862998962403,"orthographic":false}