{"cameraMode":{"drawMode":0,"name":"Shaded","section":"Shading Mode"},"sceneLighting":false,"audioPlay":false,"sceneViewState":{"showFog":true,"showMaterialUpdate":true,"showSkybox":false,"showFlares":true,"showImageEffects":true,"showParticleSystems":true},"in2DMode":false,"pivot":{"x":-2.3435897827148439,"y":2.6497864723205568,"z":0.8703373670578003},"rotation":{"x":-0.05572030693292618,"y":0.6855145692825317,"z":-0.05275775492191315,"w":-0.7240049839019775},"size":2.7549502849578859,"orthographic":false}