{"cameraMode":{"drawMode":0,"name":"Shaded","section":"Shading Mode"},"sceneLighting":true,"audioPlay":false,"sceneViewState":{"showFog":true,"showMaterialUpdate":true,"showSkybox":true,"showFlares":true,"showImageEffects":true,"showParticleSystems":true},"in2DMode":false,"pivot":{"x":16.473682403564454,"y":9.519327163696289,"z":-11.260091781616211},"rotation":{"x":0.1801481992006302,"y":0.8159943222999573,"z":-0.3420164883136749,"w":0.42980170249938967},"size":15.684205055236817,"orthographic":false}