{"cameraMode":{"drawMode":0,"name":"Shaded","section":"Shading Mode"},"sceneLighting":false,"audioPlay":false,"sceneViewState":{"showFog":true,"showMaterialUpdate":true,"showSkybox":false,"showFlares":true,"showImageEffects":true,"showParticleSystems":true},"in2DMode":false,"pivot":{"x":0.2890787124633789,"y":1.431467056274414,"z":-0.5721088647842407},"rotation":{"x":0.1367635428905487,"y":0.4687403440475464,"z":-0.07372244447469711,"w":0.8695656061172485},"size":1.7026655673980713,"orthographic":true}