{"cameraMode":{"drawMode":0,"name":"Shaded","section":"Shading Mode"},"sceneLighting":false,"audioPlay":false,"sceneViewState":{"showFog":true,"showMaterialUpdate":true,"showSkybox":true,"showFlares":true,"showImageEffects":true,"showParticleSystems":true},"in2DMode":false,"pivot":{"x":-48.9136962890625,"y":2.3606338500976564,"z":-0.2764892578125},"rotation":{"x":0.1897171586751938,"y":0.23170968890190125,"z":-0.04613586887717247,"w":0.9530362486839294},"size":33.92121505737305,"orthographic":true}