{"cameraMode":{"drawMode":0,"name":"Shaded","section":"Shading Mode"},"sceneLighting":false,"audioPlay":false,"sceneViewState":{"showFog":true,"showMaterialUpdate":true,"showSkybox":false,"showFlares":true,"showImageEffects":true,"showParticleSystems":true},"in2DMode":false,"pivot":{"x":-0.31927490234375,"y":1.7919921875,"z":2.12158203125},"rotation":{"x":0.046083226799964908,"y":-0.13058708608150483,"z":0.006091148592531681,"w":0.9903625249862671},"size":2.016782283782959,"orthographic":true}