{"cameraMode":{"drawMode":0,"name":"Shaded","section":"Shading Mode"},"sceneLighting":false,"audioPlay":false,"sceneViewState":{"showFog":true,"showMaterialUpdate":true,"showSkybox":false,"showFlares":true,"showImageEffects":true,"showParticleSystems":true},"in2DMode":false,"pivot":{"x":-0.03375244140625,"y":0.16877217590808869,"z":0.31259381771087649},"rotation":{"x":-0.08630900084972382,"y":-0.8859489560127258,"z":0.18328315019607545,"w":-0.417197585105896},"size":0.31015777587890627,"orthographic":true}