{"cameraMode":{"drawMode":0,"name":"Shaded","section":"Shading Mode"},"sceneLighting":false,"audioPlay":false,"sceneViewState":{"showFog":false,"showMaterialUpdate":false,"showSkybox":false,"showFlares":false,"showImageEffects":false,"showParticleSystems":false},"in2DMode":false,"pivot":{"x":-1.937678337097168,"y":-0.32827329635620119,"z":3.537384033203125},"rotation":{"x":0.14821214973926545,"y":-0.2658374309539795,"z":0.0414019413292408,"w":0.9516568183898926},"size":4.728564739227295,"orthographic":false}