{"cameraMode":{"drawMode":0,"name":"Shaded","section":"Shading Mode"},"sceneLighting":false,"audioPlay":false,"sceneViewState":{"showFog":false,"showMaterialUpdate":false,"showSkybox":false,"showFlares":false,"showImageEffects":false,"showParticleSystems":false},"in2DMode":false,"pivot":{"x":0.10064697265625,"y":0.785980224609375,"z":-0.8228759765625},"rotation":{"x":0.10927542299032211,"y":0.010436908341944218,"z":-0.0011474384227767587,"w":0.9939563274383545},"size":0.7886608242988586,"orthographic":true}