{"cameraMode":{"drawMode":0,"name":"Shaded","section":"Shading Mode"},"sceneLighting":false,"audioPlay":false,"sceneViewState":{"showFog":true,"showMaterialUpdate":true,"showSkybox":false,"showFlares":true,"showImageEffects":true,"showParticleSystems":true},"in2DMode":false,"pivot":{"x":-0.20597517490386964,"y":-0.03735360503196716,"z":0.1144675761461258},"rotation":{"x":0.07732643932104111,"y":-0.7852879166603088,"z":0.1001887246966362,"w":0.6060708165168762},"size":0.4893988370895386,"orthographic":false}