{"cameraMode":{"drawMode":0,"name":"Shaded","section":"Shading Mode"},"sceneLighting":false,"audioPlay":false,"sceneViewState":{"showFog":true,"showMaterialUpdate":true,"showSkybox":false,"showFlares":true,"showImageEffects":true,"showParticleSystems":true},"in2DMode":false,"pivot":{"x":0.585693359375,"y":1.85369873046875,"z":0.286376953125},"rotation":{"x":0.11369053274393082,"y":0.2723143696784973,"z":-0.032420989125967029,"w":0.9549189805984497},"size":2.126511573791504,"orthographic":true}