{"cameraMode":{"drawMode":0,"name":"Shaded","section":"Shading Mode"},"sceneLighting":false,"audioPlay":false,"sceneViewState":{"showFog":false,"showMaterialUpdate":false,"showSkybox":false,"showFlares":false,"showImageEffects":false,"showParticleSystems":false},"in2DMode":false,"pivot":{"x":-0.59423828125,"y":1.0821533203125,"z":-0.312164306640625},"rotation":{"x":0.02851054072380066,"y":0.6489455103874207,"z":-0.024346258491277696,"w":0.7599138021469116},"size":1.3901373147964478,"orthographic":true}