{"cameraMode":{"drawMode":0,"name":"Shaded","section":"Shading Mode"},"sceneLighting":false,"audioPlay":false,"sceneViewState":{"showFog":false,"showMaterialUpdate":false,"showSkybox":false,"showFlares":false,"showImageEffects":false,"showParticleSystems":false},"in2DMode":false,"pivot":{"x":-0.008911503478884697,"y":2.333726406097412,"z":0.013876167125999928},"rotation":{"x":-0.017999282106757165,"y":-0.0029989557806402447,"z":-0.00005308833351591602,"w":0.9998378753662109},"size":1.625683069229126,"orthographic":true}