{"cameraMode":{"drawMode":0,"name":"Shaded","section":"Shading Mode"},"sceneLighting":false,"audioPlay":false,"sceneViewState":{"showFog":false,"showMaterialUpdate":false,"showSkybox":false,"showFlares":false,"showImageEffects":false,"showParticleSystems":false},"in2DMode":false,"pivot":{"x":-0.08096957206726074,"y":0.8605659008026123,"z":-0.2046588659286499},"rotation":{"x":-0.02951759472489357,"y":0.9638198614120483,"z":-0.12061946094036102,"w":-0.2358628213405609},"size":1.0939249992370606,"orthographic":false}