{"cameraMode":{"drawMode":0,"name":"Shaded","section":"Shading Mode"},"sceneLighting":false,"audioPlay":false,"sceneViewState":{"showFog":true,"showMaterialUpdate":true,"showSkybox":false,"showFlares":true,"showImageEffects":true,"showParticleSystems":true},"in2DMode":false,"pivot":{"x":-0.1259375810623169,"y":0.377221941947937,"z":-0.17202451825141908},"rotation":{"x":-0.20287972688674928,"y":-0.510981559753418,"z":0.12553319334983827,"w":-0.8258281946182251},"size":0.3657117486000061,"orthographic":false}