{"cameraMode":{"drawMode":0,"name":"Shaded","section":"Shading Mode"},"sceneLighting":false,"audioPlay":false,"sceneViewState":{"showFog":true,"showMaterialUpdate":true,"showSkybox":false,"showFlares":true,"showImageEffects":true,"showParticleSystems":true},"in2DMode":false,"pivot":{"x":-2.669189453125,"y":-0.4273681640625,"z":1.6488037109375},"rotation":{"x":0.13029314577579499,"y":-0.5126994252204895,"z":0.07906121760606766,"w":0.8449349999427795},"size":1.7517340183258057,"orthographic":true}