{"cameraMode":{"drawMode":0,"name":"Shaded","section":"Shading Mode"},"sceneLighting":false,"audioPlay":false,"sceneViewState":{"showFog":true,"showMaterialUpdate":true,"showSkybox":false,"showFlares":true,"showImageEffects":true,"showParticleSystems":true},"in2DMode":false,"pivot":{"x":0.02387097291648388,"y":1.7908953428268433,"z":-0.007055747788399458},"rotation":{"x":0.08403666317462921,"y":-0.8769685626029968,"z":0.16638587415218354,"w":0.442929208278656},"size":1.8929576873779297,"orthographic":true}