{"cameraMode":{"drawMode":0,"name":"Shaded","section":"Shading Mode"},"sceneLighting":true,"audioPlay":false,"sceneViewState":{"showFog":true,"showMaterialUpdate":true,"showSkybox":true,"showFlares":true,"showImageEffects":true,"showParticleSystems":true},"in2DMode":false,"pivot":{"x":1.6430394649505616,"y":0.6754007339477539,"z":0.8430125713348389},"rotation":{"x":0.15138031542301179,"y":0.5357270240783691,"z":-0.09831646829843521,"w":0.824872612953186},"size":2.590414524078369,"orthographic":false}