{"cameraMode":{"drawMode":0,"name":"Shaded","section":"Shading Mode"},"sceneLighting":false,"audioPlay":false,"sceneViewState":{"showFog":true,"showMaterialUpdate":true,"showSkybox":false,"showFlares":true,"showImageEffects":true,"showParticleSystems":true},"in2DMode":false,"pivot":{"x":-24.500640869140626,"y":9.472030639648438,"z":4.3409423828125},"rotation":{"x":-0.012169217690825463,"y":0.9763882756233215,"z":-0.057188764214515689,"w":-0.20813028514385224},"size":0.7266384959220886,"orthographic":true}