{"cameraMode":{"drawMode":0,"name":"Shaded","section":"Shading Mode"},"sceneLighting":false,"audioPlay":false,"sceneViewState":{"showFog":true,"showMaterialUpdate":true,"showSkybox":false,"showFlares":true,"showImageEffects":true,"showParticleSystems":true},"in2DMode":false,"pivot":{"x":1.129630208015442,"y":10.176064491271973,"z":-31.466796875},"rotation":{"x":-0.236162468791008,"y":-0.21307165920734406,"z":0.053159624338150027,"w":-0.9465751051902771},"size":26.122713088989259,"orthographic":true}