{"cameraMode":{"drawMode":0,"name":"Shaded","section":"Shading Mode"},"sceneLighting":false,"audioPlay":false,"sceneViewState":{"showFog":true,"showMaterialUpdate":true,"showSkybox":false,"showFlares":true,"showImageEffects":true,"showParticleSystems":true},"in2DMode":false,"pivot":{"x":-0.33033287525177,"y":-0.4894939661026001,"z":2.5891530513763429},"rotation":{"x":0.23694783449172975,"y":0.2663424015045166,"z":-0.06772461533546448,"w":0.9318482279777527},"size":2.1303703784942629,"orthographic":false}