{"cameraMode":{"drawMode":0,"name":"Shaded","section":"Shading Mode"},"sceneLighting":false,"audioPlay":false,"sceneViewState":{"showFog":true,"showMaterialUpdate":true,"showSkybox":false,"showFlares":true,"showImageEffects":true,"showParticleSystems":true},"in2DMode":false,"pivot":{"x":7.151752948760986,"y":-1.5077323913574219,"z":1.5331153869628907},"rotation":{"x":0.12875019013881684,"y":0.20577599108219148,"z":-0.02732122875750065,"w":0.9697092175483704},"size":19.096372604370118,"orthographic":false}