{"cameraMode":{"drawMode":0,"name":"Shaded","section":"Shading Mode"},"sceneLighting":true,"audioPlay":false,"sceneViewState":{"showFog":true,"showMaterialUpdate":true,"showSkybox":true,"showFlares":true,"showImageEffects":true,"showParticleSystems":true},"in2DMode":false,"pivot":{"x":-8.1416015625,"y":0.092041015625,"z":-0.42919921875},"rotation":{"x":0.09707396477460861,"y":-0.7919996380805969,"z":0.13065771758556367,"w":0.5884246826171875},"size":19.359880447387697,"orthographic":true}