{"cameraMode":{"drawMode":0,"name":"Shaded","section":"Shading Mode"},"sceneLighting":false,"audioPlay":false,"sceneViewState":{"showFog":true,"showMaterialUpdate":true,"showSkybox":true,"showFlares":true,"showImageEffects":true,"showParticleSystems":true},"in2DMode":false,"pivot":{"x":-12.793804168701172,"y":-0.09758877754211426,"z":4.8613200187683109},"rotation":{"x":-0.2296542227268219,"y":-0.1906730681657791,"z":0.04593413323163986,"w":-0.9533094763755798},"size":7.835367679595947,"orthographic":false}