{"cameraMode":{"drawMode":0,"name":"Shaded","section":"Shading Mode"},"sceneLighting":false,"audioPlay":false,"sceneViewState":{"showFog":true,"showMaterialUpdate":true,"showSkybox":false,"showFlares":true,"showImageEffects":true,"showParticleSystems":true},"in2DMode":false,"pivot":{"x":-0.21596381068229676,"y":1.5917706489562989,"z":-0.014892578125},"rotation":{"x":0.041902802884578708,"y":0.06350301206111908,"z":-0.00266868993639946,"w":0.9970983862876892},"size":1.8312240839004517,"orthographic":true}