{"cameraMode":{"drawMode":0,"name":"Shaded","section":"Shading Mode"},"sceneLighting":false,"audioPlay":false,"sceneViewState":{"showFog":true,"showMaterialUpdate":true,"showSkybox":false,"showFlares":true,"showImageEffects":true,"showParticleSystems":true},"in2DMode":false,"pivot":{"x":-1.1888427734375,"y":2.615875244140625,"z":-2.949951171875},"rotation":{"x":-0.09352445602416992,"y":-0.13223889470100404,"z":0.012547275051474572,"w":-0.9867448210716248},"size":1.6664639711380005,"orthographic":true}