{"cameraMode":{"drawMode":0,"name":"Shaded","section":"Shading Mode"},"sceneLighting":false,"audioPlay":false,"sceneViewState":{"showFog":true,"showMaterialUpdate":true,"showSkybox":false,"showFlares":true,"showImageEffects":true,"showParticleSystems":true},"in2DMode":false,"pivot":{"x":-0.005452513694763184,"y":1.4286326169967652,"z":-0.023235082626342775},"rotation":{"x":0.11369053274393082,"y":0.2723143696784973,"z":-0.032420989125967029,"w":0.9549189805984497},"size":2.077908754348755,"orthographic":true}