{"cameraMode":{"drawMode":0,"name":"Shaded","section":"Shading Mode"},"sceneLighting":false,"audioPlay":false,"sceneViewState":{"showFog":true,"showMaterialUpdate":true,"showSkybox":false,"showFlares":true,"showImageEffects":true,"showParticleSystems":true},"in2DMode":false,"pivot":{"x":-7.232421875,"y":8.79345703125,"z":-8.802734375},"rotation":{"x":0.07408162951469422,"y":0.14961178600788117,"z":-0.011241994798183442,"w":0.9859016537666321},"size":18.476613998413087,"orthographic":true}