{"cameraMode":{"drawMode":0,"name":"Shaded","section":"Shading Mode"},"sceneLighting":false,"audioPlay":false,"sceneViewState":{"showFog":false,"showMaterialUpdate":false,"showSkybox":false,"showFlares":false,"showImageEffects":false,"showParticleSystems":false},"in2DMode":false,"pivot":{"x":0.064239501953125,"y":1.57916259765625,"z":-0.162353515625},"rotation":{"x":0.10175257921218872,"y":-0.32775041460990908,"z":0.03557509928941727,"w":0.9386183619499207},"size":1.1229991912841797,"orthographic":true}