{"cameraMode":{"drawMode":0,"name":"Shaded","section":"Shading Mode"},"sceneLighting":false,"audioPlay":false,"sceneViewState":{"showFog":true,"showMaterialUpdate":true,"showSkybox":false,"showFlares":true,"showImageEffects":true,"showParticleSystems":true},"in2DMode":false,"pivot":{"x":1.4716796875,"y":3.9708099365234377,"z":0.208984375},"rotation":{"x":0.09912919253110886,"y":-0.8828456997871399,"z":0.21604983508586884,"w":0.4050999879837036},"size":2.8116602897644045,"orthographic":true}