{"cameraMode":{"drawMode":0,"name":"Shaded","section":"Shading Mode"},"sceneLighting":false,"audioPlay":false,"sceneViewState":{"showFog":true,"showMaterialUpdate":true,"showSkybox":false,"showFlares":true,"showImageEffects":true,"showParticleSystems":true},"in2DMode":false,"pivot":{"x":-24.9835262298584,"y":9.429302215576172,"z":4.161533355712891},"rotation":{"x":-0.011561539955437184,"y":0.976530909538269,"z":-0.05425342917442322,"w":-0.20813009142875672},"size":1.5328903198242188,"orthographic":true}