{"cameraMode":{"drawMode":0,"name":"Shaded","section":"Shading Mode"},"sceneLighting":false,"audioPlay":false,"sceneViewState":{"showFog":true,"showMaterialUpdate":true,"showSkybox":false,"showFlares":true,"showImageEffects":true,"showParticleSystems":true},"in2DMode":false,"pivot":{"x":-3.2823143005371095,"y":2.978515625,"z":-3.6721153259277345},"rotation":{"x":0.003881066106259823,"y":0.09435875713825226,"z":-0.0003674978797789663,"w":0.9955337643623352},"size":17.02552604675293,"orthographic":true}