{"cameraMode":{"drawMode":0,"name":"Shaded","section":"Shading Mode"},"sceneLighting":false,"audioPlay":false,"sceneViewState":{"showFog":true,"showMaterialUpdate":true,"showSkybox":false,"showFlares":true,"showImageEffects":true,"showParticleSystems":true},"in2DMode":false,"pivot":{"x":-0.22186386585235597,"y":-0.10740470886230469,"z":0.15893526375293733},"rotation":{"x":0.08574112504720688,"y":-0.6981519460678101,"z":0.08481746166944504,"w":0.7057302594184876},"size":0.4893988370895386,"orthographic":false}