{"cameraMode":{"drawMode":0,"name":"Shaded","section":"Shading Mode"},"sceneLighting":false,"audioPlay":false,"sceneViewState":{"showFog":true,"showMaterialUpdate":true,"showSkybox":false,"showFlares":true,"showImageEffects":true,"showParticleSystems":true},"in2DMode":false,"pivot":{"x":-0.070068359375,"y":1.716705322265625,"z":-0.2252197265625},"rotation":{"x":-0.06380096077919007,"y":-0.6307099461555481,"z":0.05216019228100777,"w":-0.7716666460037231},"size":1.0195189714431763,"orthographic":true}