{"cameraMode":{"drawMode":0,"name":"Shaded","section":"Shading Mode"},"sceneLighting":false,"audioPlay":false,"sceneViewState":{"showFog":true,"showMaterialUpdate":true,"showSkybox":false,"showFlares":true,"showImageEffects":true,"showParticleSystems":true},"in2DMode":false,"pivot":{"x":1.242618203163147,"y":-1.194068431854248,"z":2.4239821434020998},"rotation":{"x":0.2213737666606903,"y":0.16380330920219422,"z":-0.03774960711598396,"w":0.9605954885482788},"size":1.8303704261779786,"orthographic":false}