{"cameraMode":{"drawMode":0,"name":"Shaded","section":"Shading Mode"},"sceneLighting":false,"audioPlay":false,"sceneViewState":{"showFog":false,"showMaterialUpdate":false,"showSkybox":false,"showFlares":false,"showImageEffects":false,"showParticleSystems":false},"in2DMode":false,"pivot":{"x":-0.1680908203125,"y":1.3662109375,"z":-0.54248046875},"rotation":{"x":0.08474447578191757,"y":0.28292378783226015,"z":-0.025104304775595666,"w":0.9550625085830689},"size":1.311560869216919,"orthographic":true}