{"cameraMode":{"drawMode":0,"name":"Shaded","section":"Shading Mode"},"sceneLighting":true,"audioPlay":false,"sceneViewState":{"showFog":true,"showMaterialUpdate":true,"showSkybox":true,"showFlares":true,"showImageEffects":true,"showParticleSystems":true},"in2DMode":false,"pivot":{"x":459.6246643066406,"y":457.434326171875,"z":278.80621337890627},"rotation":{"x":-0.008987595327198506,"y":-0.05157840624451637,"z":-0.00046622505760751665,"w":0.9986470341682434},"size":609.0460205078125,"orthographic":false}