{"cameraMode":{"drawMode":0,"name":"Shaded","section":"Shading Mode"},"sceneLighting":false,"audioPlay":false,"sceneViewState":{"showFog":false,"showMaterialUpdate":false,"showSkybox":false,"showFlares":false,"showImageEffects":false,"showParticleSystems":false},"in2DMode":false,"pivot":{"x":0.06107857823371887,"y":1.5671430826187134,"z":-0.196533203125},"rotation":{"x":0.14179915189743043,"y":-0.3838714361190796,"z":0.05978413671255112,"w":0.9104787707328796},"size":1.0790735483169556,"orthographic":true}