{"cameraMode":{"drawMode":0,"name":"Shaded","section":"Shading Mode"},"sceneLighting":false,"audioPlay":false,"sceneViewState":{"showFog":true,"showMaterialUpdate":true,"showSkybox":false,"showFlares":true,"showImageEffects":true,"showParticleSystems":true},"in2DMode":false,"pivot":{"x":-0.3094482421875,"y":2.6300048828125,"z":-3.41552734375},"rotation":{"x":-0.24066239595413209,"y":-0.5028002858161926,"z":0.14814640581607819,"w":-0.8169369697570801},"size":1.8216716051101685,"orthographic":true}