{"cameraMode":{"drawMode":0,"name":"Shaded","section":"Shading Mode"},"sceneLighting":false,"audioPlay":false,"sceneViewState":{"showFog":true,"showMaterialUpdate":true,"showSkybox":false,"showFlares":true,"showImageEffects":true,"showParticleSystems":true},"in2DMode":false,"pivot":{"x":1.2460365295410157,"y":1.5545201301574708,"z":2.324674606323242},"rotation":{"x":0.04928920045495033,"y":0.35738247632980349,"z":-0.01889195293188095,"w":0.9324740171432495},"size":3.6549501419067385,"orthographic":false}