{"cameraMode":{"drawMode":0,"name":"Shaded","section":"Shading Mode"},"sceneLighting":false,"audioPlay":false,"sceneViewState":{"showFog":false,"showMaterialUpdate":false,"showSkybox":false,"showFlares":false,"showImageEffects":false,"showParticleSystems":false},"in2DMode":false,"pivot":{"x":-0.991455078125,"y":2.906494140625,"z":0.322021484375},"rotation":{"x":0.15137504041194917,"y":0.34072524309158327,"z":-0.055685535073280337,"w":0.9262255430221558},"size":2.164454698562622,"orthographic":true}