{"cameraMode":{"drawMode":0,"name":"Shaded","section":"Shading Mode"},"sceneLighting":false,"audioPlay":false,"sceneViewState":{"showFog":true,"showMaterialUpdate":true,"showSkybox":false,"showFlares":true,"showImageEffects":true,"showParticleSystems":true},"in2DMode":false,"pivot":{"x":0.024076402187347413,"y":1.8116443157196046,"z":-0.010523796081542969},"rotation":{"x":0.11704453825950623,"y":-0.5606368780136108,"z":0.0804353728890419,"w":0.8157957792282105},"size":1.7121250629425049,"orthographic":true}