{"cameraMode":{"drawMode":0,"name":"Shaded","section":"Shading Mode"},"sceneLighting":false,"audioPlay":false,"sceneViewState":{"showFog":false,"showMaterialUpdate":false,"showSkybox":false,"showFlares":false,"showImageEffects":false,"showParticleSystems":false},"in2DMode":false,"pivot":{"x":-0.070556640625,"y":1.602203369140625,"z":-0.021240234375},"rotation":{"x":-0.11375582218170166,"y":0.0026758492458611728,"z":-0.00030829745810478926,"w":-0.9935320615768433},"size":1.3195973634719849,"orthographic":true}