{"cameraMode":{"drawMode":0,"name":"Shaded","section":"Shading Mode"},"sceneLighting":false,"audioPlay":false,"sceneViewState":{"showFog":true,"showMaterialUpdate":false,"showSkybox":false,"showFlares":true,"showImageEffects":true,"showParticleSystems":true},"in2DMode":false,"pivot":{"x":0.650550127029419,"y":1.1511449813842774,"z":1.103669285774231},"rotation":{"x":-0.14480812847614289,"y":0.3137812912464142,"z":-0.04848611727356911,"w":-0.9371344447135925},"size":1.3661777973175049,"orthographic":false}