{"cameraMode":{"drawMode":0,"name":"Shaded","section":"Shading Mode"},"sceneLighting":true,"audioPlay":false,"sceneViewState":{"showFog":true,"showMaterialUpdate":true,"showSkybox":true,"showFlares":true,"showImageEffects":true,"showParticleSystems":true},"in2DMode":false,"pivot":{"x":-0.4350309371948242,"y":5.381805419921875,"z":-4.060351371765137},"rotation":{"x":-0.0712558925151825,"y":0.9147675037384033,"z":-0.18525122106075288,"w":-0.35186031460762026},"size":10.709287643432618,"orthographic":false}